2026-10-06T18:27:38Z,7,0
2026-10-06T18:28:08Z,7,0
2026-10-06T18:28:38Z,7,0
2026-10-06T18:29:08Z,7,0
2026-10-06T18:29:38Z,7,0
2026-10-06T18:30:08Z,7,0
2026-10-06T18:30:38Z,7,0
2026-10-06T18:31:08Z,7,1
2026-10-06T18:31:38Z,7,0
2026-10-06T18:32:08Z,9,3
2026-10-06T18:32:38Z,11,1
2026-10-06T18:33:08Z,9,1
2026-10-06T18:33:38Z,10,1
2026-10-06T18:34:09Z,8,2
2026-10-06T18:34:39Z,7,0
2026-10-06T18:35:09Z,7,0
2026-10-06T18:35:39Z,9,0
2026-10-06T18:36:09Z,8,0
2026-10-06T18:36:39Z,8,0
2026-10-06T18:37:09Z,8,0
2026-10-06T18:37:39Z,8,0
2026-10-06T18:38:09Z,8,0
2026-10-06T18:38:39Z,8,0
2026-10-06T18:39:09Z,8,0
2026-10-06T18:39:39Z,8,0
2026-10-06T18:40:09Z,9,0
2026-10-06T18:40:39Z,9,0
2026-10-06T18:41:09Z,9,0
2026-10-06T18:41:40Z,10,0
2026-10-06T18:42:10Z,11,0
2026-10-06T18:42:40Z,11,0
2026-10-06T18:43:10Z,10,0
2026-10-06T18:43:40Z,9,0
2026-10-06T18:44:10Z,9,0
2026-10-06T18:44:40Z,10,0
2026-10-06T18:45:10Z,10,0
2026-10-06T18:45:41Z,9,0
2026-10-06T18:46:11Z,7,0
2026-10-06T18:46:41Z,34,29
2026-10-06T18:47:11Z,43,28
2026-10-06T18:47:41Z,53,28
2026-10-06T18:48:11Z,18,6
2026-10-06T18:48:41Z,8,0
2026-10-06T18:49:11Z,9,3
2026-10-06T18:49:41Z,9,2
2026-10-06T18:50:11Z,8,1
2026-10-06T18:50:41Z,8,1
2026-10-06T18:51:11Z,8,1
2026-10-06T18:51:41Z,8,1
2026-10-06T18:52:11Z,8,1
2026-10-06T18:52:42Z,8,1
2026-10-06T18:53:12Z,8,1
2026-10-06T18:53:42Z,8,1
2026-10-06T18:54:12Z,9,1
2026-10-06T18:54:42Z,8,1
2026-10-06T18:55:12Z,8,1
2026-10-06T18:55:42Z,8,1
2026-10-06T18:56:12Z,8,1
2026-10-06T18:56:42Z,110,96
2026-10-06T18:57:12Z,91,96
2026-10-06T18:57:42Z,105,96
2026-10-06T18:58:12Z,113,96
2026-10-06T18:58:42Z,88,68
2026-10-06T18:59:13Z,43,96
2026-10-06T18:59:43Z,163,96
2026-10-06T19:00:13Z,232,96
2026-10-06T19:00:43Z,314,96
2026-10-06T19:01:13Z,391,96
2026-10-06T19:01:43Z,462,96
2026-10-06T19:02:13Z,487,96
2026-10-06T19:02:43Z,505,96
2026-10-06T19:03:13Z,524,96
2026-10-06T19:03:43Z,535,96
2026-10-06T19:04:13Z,538,96
2026-10-06T19:04:44Z,534,96
2026-10-06T19:05:14Z,554,95
2026-10-06T19:05:44Z,534,96
2026-10-06T19:06:14Z,497,96
2026-10-06T19:06:44Z,468,96
2026-10-06T19:07:14Z,487,96
2026-10-06T19:07:44Z,478,96
2026-10-06T19:08:14Z,481,96
2026-10-06T19:08:44Z,491,94
2026-10-06T19:09:14Z,494,96
2026-10-06T19:09:44Z,520,96
2026-10-06T19:10:15Z,536,96
2026-10-06T19:10:45Z,546,96
2026-10-06T19:11:15Z,550,96
2026-10-06T19:11:45Z,520,96
2026-10-06T19:12:15Z,500,96
2026-10-06T19:12:45Z,499,96
2026-10-06T19:13:15Z,499,96
2026-10-06T19:13:45Z,473,96
2026-10-06T19:14:15Z,490,96
2026-10-06T19:14:45Z,497,95
2026-10-06T19:15:15Z,441,96
2026-10-06T19:15:46Z,435,96
2026-10-06T19:16:16Z,406,95
2026-10-06T19:16:46Z,414,95
2026-10-06T19:17:16Z,369,96
2026-10-06T19:17:46Z,330,95
2026-10-06T19:18:16Z,341,94
2026-10-06T19:18:46Z,285,95
2026-10-06T19:19:16Z,264,96
2026-10-06T19:19:46Z,250,96
2026-10-06T19:20:16Z,241,94
2026-10-06T19:20:46Z,252,95
2026-10-06T19:21:17Z,219,92
2026-10-06T19:21:47Z,212,96
2026-10-06T19:22:17Z,195,95
2026-10-06T19:22:47Z,191,95
2026-10-06T19:23:17Z,169,96
2026-10-06T19:23:47Z,184,96
2026-10-06T19:24:17Z,182,95
2026-10-06T19:24:47Z,170,95
2026-10-06T19:25:17Z,173,96
2026-10-06T19:25:47Z,184,95
2026-10-06T19:26:17Z,185,95
2026-10-06T19:26:48Z,173,95
2026-10-06T19:27:18Z,148,95
2026-10-06T19:27:48Z,163,96
2026-10-06T19:28:18Z,173,94
2026-10-06T19:28:48Z,177,93
2026-10-06T19:29:18Z,160,95
2026-10-06T19:29:48Z,157,93
2026-10-06T19:30:18Z,163,95
2026-10-06T19:30:48Z,178,95
2026-10-06T19:31:18Z,163,96
2026-10-06T19:31:49Z,157,96
2026-10-06T19:32:19Z,166,92
2026-10-06T19:32:49Z,169,94
2026-10-06T19:33:19Z,178,95
2026-10-06T19:33:49Z,185,96
2026-10-06T19:34:19Z,172,95
2026-10-06T19:34:49Z,176,96
2026-10-06T19:35:19Z,178,95
2026-10-06T19:35:49Z,193,95
2026-10-06T19:36:19Z,183,95
2026-10-06T19:36:49Z,187,96
2026-10-06T19:37:20Z,174,95
2026-10-06T19:37:50Z,172,96
2026-10-06T19:38:20Z,188,96
2026-10-06T19:38:50Z,206,96
2026-10-06T19:39:20Z,173,94
2026-10-06T19:39:50Z,172,96
2026-10-06T19:40:20Z,188,95
2026-10-06T19:40:50Z,195,96
2026-10-06T19:41:20Z,188,95
2026-10-06T19:41:50Z,166,95
2026-10-06T19:42:21Z,192,95
2026-10-06T19:42:51Z,182,94
2026-10-06T19:43:21Z,201,95
2026-10-06T19:43:51Z,212,94
2026-10-06T19:44:21Z,177,95
2026-10-06T19:44:51Z,193,96
2026-10-06T19:45:21Z,212,95
2026-10-06T19:45:51Z,202,96
2026-10-06T19:46:21Z,204,94
2026-10-06T19:46:51Z,200,96
2026-10-06T19:47:21Z,201,95
2026-10-06T19:47:52Z,195,96
2026-10-06T19:48:22Z,204,96
2026-10-06T19:48:52Z,188,95
2026-10-06T19:49:22Z,207,94
2026-10-06T19:49:52Z,183,96
2026-10-06T19:50:22Z,210,96
2026-10-06T19:50:52Z,198,96
2026-10-06T19:51:22Z,206,95
2026-10-06T19:51:52Z,213,96
2026-10-06T19:52:22Z,213,96
2026-10-06T19:52:52Z,206,96
2026-10-06T19:53:23Z,203,96
2026-10-06T19:53:53Z,200,94
2026-10-06T19:54:23Z,219,96
2026-10-06T19:54:53Z,199,96
2026-10-06T19:55:23Z,182,95
2026-10-06T19:55:53Z,204,94
2026-10-06T19:56:23Z,193,96
2026-10-06T19:56:53Z,198,95
2026-10-06T19:57:23Z,206,96
2026-10-06T19:57:53Z,179,95
2026-10-06T19:58:24Z,188,95
2026-10-06T19:58:54Z,193,95
2026-10-06T19:59:24Z,189,94
2026-10-06T19:59:54Z,204,96
2026-10-06T20:00:24Z,185,94
2026-10-06T20:00:54Z,184,95
2026-10-06T20:01:24Z,200,96
2026-10-06T20:01:54Z,200,96
2026-10-06T20:02:24Z,197,94
2026-10-06T20:02:54Z,180,95
2026-10-06T20:03:25Z,199,95
2026-10-06T20:03:55Z,171,96
2026-10-06T20:04:25Z,192,96
2026-10-06T20:04:55Z,207,96
2026-10-06T20:05:25Z,222,96
2026-10-06T20:05:55Z,183,94
2026-10-06T20:06:25Z,187,95
2026-10-06T20:06:55Z,191,96
2026-10-06T20:07:25Z,198,96
2026-10-06T20:07:55Z,187,96
2026-10-06T20:08:25Z,191,95
2026-10-06T20:08:56Z,193,94
2026-10-06T20:09:26Z,195,95
2026-10-06T20:09:56Z,203,94
2026-10-06T20:10:26Z,179,96
2026-10-06T20:10:56Z,175,95
2026-10-06T20:11:26Z,180,96
2026-10-06T20:11:56Z,203,96
2026-10-06T20:12:26Z,187,96
2026-10-06T20:12:56Z,189,96
2026-10-06T20:13:26Z,207,96
2026-10-06T20:13:57Z,190,94
2026-10-06T20:14:27Z,199,95
2026-10-06T20:14:57Z,211,94
2026-10-06T20:15:27Z,189,95
2026-10-06T20:15:57Z,186,96
2026-10-06T20:16:27Z,185,96
2026-10-06T20:16:57Z,178,95
2026-10-06T20:17:27Z,179,95
2026-10-06T20:17:57Z,190,95
2026-10-06T20:18:27Z,215,95
2026-10-06T20:18:57Z,188,96
2026-10-06T20:19:28Z,181,95
2026-10-06T20:19:58Z,158,96
2026-10-06T20:20:28Z,172,96
2026-10-06T20:20:58Z,162,96
2026-10-06T20:21:28Z,179,96
2026-10-06T20:21:58Z,184,95
2026-10-06T20:22:28Z,165,96
2026-10-06T20:22:58Z,155,95
2026-10-06T20:23:28Z,169,95
2026-10-06T20:23:58Z,188,95
2026-10-06T20:24:29Z,173,96
2026-10-06T20:24:59Z,175,96
2026-10-06T20:25:29Z,186,96
2026-10-06T20:25:59Z,170,95
2026-10-06T20:26:29Z,170,96
2026-10-06T20:26:59Z,178,96
2026-10-06T20:27:29Z,186,94
2026-10-06T20:27:59Z,177,94
2026-10-06T20:28:29Z,180,94
2026-10-06T20:28:59Z,181,96
2026-10-06T20:29:29Z,185,96
2026-10-06T20:30:00Z,179,96
2026-10-06T20:30:30Z,180,95
2026-10-06T20:31:00Z,176,95
2026-10-06T20:31:30Z,183,93
2026-10-06T20:32:00Z,180,95
2026-10-06T20:32:30Z,167,96
2026-10-06T20:33:00Z,164,95
2026-10-06T20:33:30Z,170,95
2026-10-06T20:34:00Z,180,95
2026-10-06T20:34:30Z,181,96
2026-10-06T20:35:01Z,168,96
2026-10-06T20:35:31Z,182,96
2026-10-06T20:36:01Z,172,96
2026-10-06T20:36:31Z,187,96
2026-10-06T20:37:01Z,195,95
2026-10-06T20:37:31Z,170,95
2026-10-06T20:38:01Z,174,96
2026-10-06T20:38:31Z,185,96
2026-10-06T20:39:01Z,171,96
2026-10-06T20:39:31Z,172,95
2026-10-06T20:40:01Z,167,93
2026-10-06T20:40:32Z,175,95
2026-10-06T20:41:02Z,175,96
2026-10-06T20:41:32Z,193,93
2026-10-06T20:42:02Z,188,93
2026-10-06T20:42:32Z,177,95
2026-10-06T20:43:02Z,163,95
2026-10-06T20:43:32Z,177,94
2026-10-06T20:44:02Z,195,96
2026-10-06T20:44:32Z,197,95
2026-10-06T20:45:02Z,171,96
2026-10-06T20:45:33Z,171,96
2026-10-06T20:46:03Z,177,94
2026-10-06T20:46:33Z,179,94
2026-10-06T20:47:03Z,189,95
2026-10-06T20:47:33Z,186,96
2026-10-06T20:48:03Z,184,96
2026-10-06T20:48:33Z,186,96
2026-10-06T20:49:03Z,199,96
2026-10-06T20:49:33Z,185,94
2026-10-06T20:50:03Z,175,95
2026-10-06T20:50:33Z,189,91
2026-10-06T20:51:04Z,195,95
2026-10-06T20:51:34Z,172,95
2026-10-06T20:52:04Z,192,94
2026-10-06T20:52:34Z,185,96
2026-10-06T20:53:04Z,180,95
2026-10-06T20:53:34Z,187,95
2026-10-06T20:54:04Z,190,96
2026-10-06T20:54:34Z,186,96
2026-10-06T20:55:04Z,172,95
2026-10-06T20:55:34Z,169,95
2026-10-06T20:56:05Z,187,96
2026-10-06T20:56:35Z,194,95
2026-10-06T20:57:05Z,203,96
2026-10-06T20:57:35Z,180,96
2026-10-06T20:58:05Z,183,96
2026-10-06T20:58:35Z,176,96
2026-10-06T20:59:05Z,190,95
2026-10-06T20:59:35Z,202,95
2026-10-06T21:00:05Z,186,95
2026-10-06T21:00:35Z,178,96
2026-10-06T21:01:05Z,181,94
2026-10-06T21:01:36Z,174,96
2026-10-06T21:02:06Z,193,94
2026-10-06T21:02:36Z,193,95
2026-10-06T21:03:06Z,198,94
2026-10-06T21:03:36Z,198,95
2026-10-06T21:04:06Z,176,96
2026-10-06T21:04:36Z,186,96
2026-10-06T21:05:06Z,184,95
2026-10-06T21:05:36Z,206,96
2026-10-06T21:06:06Z,188,96
2026-10-06T21:06:37Z,198,96
2026-10-06T21:07:07Z,202,94
2026-10-06T21:07:37Z,174,96
2026-10-06T21:08:07Z,180,96
2026-10-06T21:08:37Z,161,95
2026-10-06T21:09:07Z,168,94
2026-10-06T21:09:37Z,194,95
2026-10-06T21:10:07Z,183,95
2026-10-06T21:10:37Z,181,95
2026-10-06T21:11:07Z,166,96
2026-10-06T21:11:37Z,175,96
2026-10-06T21:12:08Z,182,95
2026-10-06T21:12:38Z,179,96
2026-10-06T21:13:08Z,190,95
2026-10-06T21:13:38Z,161,96
2026-10-06T21:14:08Z,186,96
2026-10-06T21:14:38Z,186,96
2026-10-06T21:15:08Z,190,96
2026-10-06T21:15:38Z,189,95
2026-10-06T21:16:08Z,173,96
2026-10-06T21:16:38Z,181,96
2026-10-06T21:17:09Z,178,96
2026-10-06T21:17:39Z,178,95
2026-10-06T21:18:09Z,188,95
2026-10-06T21:18:39Z,193,96
2026-10-06T21:19:09Z,196,96
2026-10-06T21:19:39Z,179,96
2026-10-06T21:20:09Z,188,94
2026-10-06T21:20:39Z,175,95
2026-10-06T21:21:09Z,171,95
2026-10-06T21:21:39Z,188,96
2026-10-06T21:22:09Z,177,96
2026-10-06T21:22:40Z,171,95
2026-10-06T21:23:10Z,183,96
2026-10-06T21:23:40Z,180,95
2026-10-06T21:24:10Z,179,95
2026-10-06T21:24:40Z,173,96
2026-10-06T21:25:10Z,182,96
2026-10-06T21:25:40Z,187,95
2026-10-06T21:26:10Z,177,96
2026-10-06T21:26:40Z,176,96
2026-10-06T21:27:10Z,171,94
2026-10-06T21:27:41Z,180,95
2026-10-06T21:28:11Z,193,95
2026-10-06T21:28:41Z,182,96
2026-10-06T21:29:11Z,180,95
2026-10-06T21:29:41Z,183,95
2026-10-06T21:30:11Z,174,95
2026-10-06T21:30:41Z,178,96
2026-10-06T21:31:11Z,170,95
2026-10-06T21:31:41Z,157,96
2026-10-06T21:32:11Z,171,96
2026-10-06T21:32:41Z,167,94
2026-10-06T21:33:12Z,166,96
2026-10-06T21:33:42Z,177,96
2026-10-06T21:34:12Z,164,96
2026-10-06T21:34:42Z,165,95
2026-10-06T21:35:12Z,157,96
2026-10-06T21:35:42Z,174,96
2026-10-06T21:36:12Z,186,95
2026-10-06T21:36:42Z,176,95
2026-10-06T21:37:12Z,158,96
2026-10-06T21:37:42Z,181,95
2026-10-06T21:38:13Z,182,94
2026-10-06T21:38:43Z,192,96
2026-10-06T21:39:13Z,176,95
2026-10-06T21:39:43Z,145,93
2026-10-06T21:40:13Z,157,95
2026-10-06T21:40:43Z,148,93
2026-10-06T21:41:13Z,166,94
2026-10-06T21:41:43Z,154,95
2026-10-06T21:42:13Z,149,93
2026-10-06T21:42:43Z,144,95
2026-10-06T21:43:14Z,168,96
2026-10-06T21:43:44Z,167,96
2026-10-06T21:44:14Z,131,93
2026-10-06T21:44:44Z,119,95
2026-10-06T21:45:14Z,139,96
2026-10-06T21:45:44Z,133,95
2026-10-06T21:46:14Z,123,96
2026-10-06T21:46:44Z,109,96
2026-10-06T21:47:14Z,120,95
2026-10-06T21:47:44Z,130,96
2026-10-06T21:48:14Z,125,96
2026-10-06T21:48:45Z,105,94
2026-10-06T21:49:15Z,116,94
2026-10-06T21:49:45Z,122,93
2026-10-06T21:50:15Z,121,93
2026-10-06T21:50:45Z,117,96
2026-10-06T21:51:15Z,115,96
2026-10-06T21:51:45Z,108,96
2026-10-06T21:52:15Z,49,5
2026-10-06T21:52:45Z,54,4
2026-10-06T21:53:15Z,57,4
2026-10-06T21:53:45Z,63,4
2026-10-06T21:54:16Z,55,3
2026-10-06T21:54:46Z,42,3
2026-10-06T21:55:16Z,50,3
2026-10-06T21:55:46Z,51,3
2026-10-06T21:56:16Z,41,3
2026-10-06T21:56:46Z,49,3
2026-10-06T21:57:16Z,49,3
2026-10-06T21:57:46Z,50,3
2026-10-06T21:58:16Z,52,3
2026-10-06T21:58:46Z,36,2
2026-10-06T21:59:16Z,40,2
2026-10-06T21:59:46Z,35,2
2026-10-06T22:00:16Z,31,2
2026-10-06T22:00:46Z,38,2
2026-10-06T22:01:16Z,34,2
2026-10-06T22:01:47Z,35,2
2026-10-06T22:02:17Z,41,2
2026-10-06T22:02:47Z,43,2
2026-10-06T22:03:17Z,35,2
2026-10-06T22:03:47Z,40,2
2026-10-06T22:04:17Z,44,2
2026-10-06T22:04:47Z,32,2
2026-10-06T22:05:17Z,37,2
2026-10-06T22:05:47Z,42,2
2026-10-06T22:06:17Z,40,2
2026-10-06T22:06:47Z,38,2
2026-10-06T22:07:17Z,42,2
2026-10-06T22:07:47Z,38,2
2026-10-06T22:08:17Z,35,2
2026-10-06T22:08:48Z,41,2
2026-10-06T22:09:18Z,39,2
2026-10-06T22:09:48Z,40,2
2026-10-06T22:10:18Z,39,2
2026-10-06T22:10:48Z,37,2
2026-10-06T22:11:18Z,41,2
2026-10-06T22:11:48Z,40,2
2026-10-06T22:12:18Z,44,2
2026-10-06T22:12:48Z,43,2
2026-10-06T22:13:18Z,39,2
2026-10-06T22:13:48Z,43,2
2026-10-06T22:14:18Z,40,2
2026-10-06T22:14:48Z,45,2
2026-10-06T22:15:18Z,40,2
2026-10-06T22:15:48Z,26,1
2026-10-06T22:16:19Z,28,1
2026-10-06T22:16:49Z,9,1
2026-10-06T22:17:19Z,12,1
2026-10-06T22:17:49Z,13,1
2026-10-06T22:18:19Z,16,1
2026-10-06T22:18:49Z,20,1
2026-10-06T22:19:19Z,20,1
2026-10-06T22:19:49Z,20,1
2026-10-06T22:20:19Z,21,1
2026-10-06T22:20:49Z,21,1
2026-10-06T22:21:19Z,21,1
2026-10-06T22:21:49Z,22,1
2026-10-06T22:22:19Z,22,1
2026-10-06T22:22:49Z,21,1
2026-10-06T22:23:19Z,22,1
2026-10-06T22:23:50Z,21,1
2026-10-06T22:24:20Z,21,1
2026-10-06T22:24:50Z,20,1
2026-10-06T22:25:20Z,20,1
2026-10-06T22:25:50Z,20,1
2026-10-06T22:26:20Z,20,1
2026-10-06T22:26:50Z,21,1
2026-10-06T22:27:20Z,21,1
2026-10-06T22:27:50Z,21,1
2026-10-06T22:28:20Z,22,1
2026-10-06T22:28:50Z,23,1
2026-10-06T22:29:20Z,23,1
2026-10-06T22:29:50Z,23,1
2026-10-06T22:30:20Z,23,1
2026-10-06T22:30:50Z,9,1
2026-10-06T22:31:21Z,16,1
2026-10-06T22:31:51Z,9,1
2026-10-06T22:32:21Z,15,1
2026-10-06T22:32:51Z,10,1
2026-10-06T22:33:21Z,16,1
2026-10-06T22:33:51Z,9,0
